SchoolName,PhoneNumber,DivisionName
ACADIA COLONY SCHOOL,2048343524,Beautiful Plains
ACADIA JUNIOR HIGH SCHOOL,2042696210,Pembina Trails School Division
ALBRIGHT SCHOOL,2047468518,Red River Valley
ALEXANDER SCHOOL,2047522251,Brandon
ALF CUTHBERT SCHOOL,2047682396,Lakeshore
ALONSA SCHOOL,2047672168,Turtle River
AMBER TRAILS COMMUNITY SCHOOL,2046975965,Seven Oaks
ANDREW MYNARSKI V.C. SCHOOL,2045868497,Winnipeg
ANGUS MCKAY SCHOOL,2046612378,River East Transcona School Division
ANOLA SCHOOL,2048662962,Sunrise
ARBORG COLLEGIATE,2043762605,Evergreen
ARBORG EARLY/MIDDLE YEARS SCHOOL,2043765054,Evergreen
ARBORGATE SCHOOL,2044245607,Seine River
ARCHWOOD SCHOOL,2042337983,Louis Riel School Division
ARGYLE ALTERNATIVE HIGH SCHOOL,2049424326,Winnipeg
ARTHUR A. LEACH JUNIOR HIGH,2042691674,Pembina Trails School Division
ARTHUR DAY MIDDLE SCHOOL,2049586522,River East Transcona School Division
ARTHUR E. WRIGHT COMMUNITY SCHOOL,2046326314,Seven Oaks
ASHERN CENTRAL SCHOOL,2047682571,Lakeshore
ASHERN EARLY YEARS SCHOOL,2047682625,Lakeshore
ATHLONE SCHOOL,2048321373,St. James - Assiniboia School Division
AUSTIN ELEMENTARY,2046372240,Pine Creek
BAIRDMORE SCHOOL,2042613350,Pembina Trails School Division
BALDUR SCHOOL,2045352314,Prairie Spirit
BALMORAL SCHOOL,2044672501,Interlake
BARRICKMAN COLONY SCHOOL,2043532297,Prairie Rose
BARROWS JUNCTION SCHOOL,2045456246,Frontier
BEAUMONT SCHOOL,2048952820,Pembina Trails School Division
BEAVER CREEK SCHOOL,2042742722,Pine Creek
BEAVERLODGE SCHOOL,2048958213,Pembina Trails School Division
BENITO SCHOOL,2045392466,Swan Valley
BERNIE WOLFE SCHOOL,2049586532,River East Transcona School Division
BERTRUN E. GLAVIN SCHOOL,2046691277,River East Transcona School Division
BETTY GIBSON SCHOOL,2047293965,Brandon
BINSCARTH ELEMENTARY,2048422802,Park West
BIRTLE COLLEGIATE,2048423315,Park West
BIRTLE ELEMENTARY,2048423463,Park West
BLOOMING PRAIRIE COLONY SCHOOL,2043532297,Prairie Rose
BLUE CLAY COLONY SCHOOL,2044272315,Border Land
BLUMENFELD SCHOOL,2043257208,Garden Valley
BLUMENORT SCHOOL,2043261757,Hanover
BOISSEVAIN SCHOOL,2045342494,Turtle Mountain
BON HOMME COLONY SCHOOL,2043532297,Prairie Rose
BORDER VALLEY ELEMENTARY,2043258674,Garden Valley
BOTHWELL SCHOOL,2043884422,Hanover
BOUNDARY LANE COLONY SCHOOL,2048452662,Fort la Bosse
BOWSMAN SCHOOL,2047344506,Swan Valley
BOYNE VALLEY SCHOOL,2045262533,Prairie Spirit
BOYNE VIEW SCHOOL,2043532297,Prairie Rose
BRANT-ARGYLE SCHOOL,2044672683,Interlake
BRANTWOOD SCHOOL,2042672094,Portage La Prairie
BRENNAN SCHOOL,2042672700,Portage La Prairie
BROAD VALLEY COLONY SCHOOL,2043728573,Lakeshore
BROCHET SCHOOL,2043232051,Frontier
BROCK-CORYDON SCHOOL,2044884422,Winnipeg
BROOKDALE SCHOOL,2043542166,Beautiful Plains
BROOKLANDS SCHOOL,2046339630,St. James - Assiniboia School Division
BRUCE MIDDLE SCHOOL,2048881990,St. James - Assiniboia School Division
BUCHANAN SCHOOL,2048880680,St. James - Assiniboia School Division
BURNTWOOD ELEMENTARY,2046776100,Mystery Lake
CAN AM COLONY SCHOOL,2047762151,Turtle Mountain
CARBERRY COLLEGIATE,2048342172,Beautiful Plains
CARMAN COLLEGIATE,2047452001,Prairie Rose
CARMAN ELEMENTARY,2047452623,Prairie Rose
CARPATHIA SCHOOL,2044884514,Winnipeg
CARTWRIGHT SCHOOL,2045292357,Prairie Spirit
CASCADE COLONY SCHOOL,2046852912,Pine Creek
CECIL RHODES SCHOOL,2047839012,Winnipeg
CENTENNIAL SCHOOL,2043452462,Sunrise
CHAMPLAIN SCHOOL,2045865139,Winnipeg
CHANCELLOR ELEMENTARY,2042619535,Pembina Trails School Division
CHIEF PEGUIS MIDDLE SCHOOL,2046689442,River East Transcona School Division
CHILDREN OF THE EARTH HIGH SCHOOL,2045896383,Winnipeg
CHURCHILL HIGH SCHOOL,2044741301,Winnipeg
CLEARSPRING MIDDLE SCHOOL,2043469644,Hanover
CLEARVIEW COLONY SCHOOL,2043532297,Prairie Rose
CLIFTON SCHOOL,2047837792,Winnipeg
COLD LAKE SCHOOL,2044682021,Frontier
COLLÈGE BÉLIVEAU,2042553205,Louis Riel School Division
COLLÈGE CHURCHILL,2044741305,Winnipeg
COLLÈGE GARDEN CITY COLLEGIATE,2043392058,Seven Oaks
COLLÈGE JEANNE-SAUVÉ,2042570124,Louis Riel School Division
COLLÈGE LORETTE COLLEGIATE,2048782887,Seine River
COLLÈGE MILES MACDONELL COLLEGIATE,2046671103,River East Transcona School Division
COLLÈGE PIERRE-ELLIOTT-TRUDEAU,2049586888,River East Transcona School Division
COLLÈGE SAINT-NORBERT COLLEGIATE,2042694920,Seine River
COLLÈGE STURGEON HEIGHTS COLLEGIATE,2048880684,St. James - Assiniboia School Division
COLLICUTT SCHOOL,2043387937,Seven Oaks
CONCORD SCHOOL,2043445840,Interlake
COOL SPRING COLONY SCHOOL,2048652350,Rolling River
CORMORANT LAKE SCHOOL,2043572225,Frontier
CRANBERRY PORTAGE ELEMENTARY,2044723250,Frontier
CRESTVIEW SCHOOL,2048857710,St. James - Assiniboia School Division
CROCUS PLAINS REGIONAL SECONDARY,2047293900,Brandon
CRYSTAL CITY EARLY YEARS SCHOOL,2048732476,Prairie Spirit
CRYSTAL SPRINGS SCHOOL,2044332545,Hanover
D. R. HAMILTON SCHOOL,2046762278,Frontier
DAERWOOD SCHOOL,2044824326,Lord Selkirk
DAKOTA COLLEGIATE,2042564366,Louis Riel School Division
DALHOUSIE SCHOOL,2042694101,Pembina Trails School Division
DANIEL MCINTYRE COLLEGIATE INSTITUTE,2047837131,Winnipeg
DARWIN SCHOOL,2042572904,Louis Riel School Division
DAUPHIN REGIONAL COMP SECONDARY,2046384629,Mountain View
DAVID LIVINGSTONE SCHOOL,2045868346,Winnipeg
DAWSON TRAIL SCHOOL,2048782929,Seine River
DECKER COLONY SCHOOL,2047642225,Park West
DEERBOINE COLONY SCHOOL,2047281106,Rolling River
DEERWOOD SCHOOL,2046776125,Mystery Lake
DELORAINE SCHOOL,2044836296,Southwest Horizon
DONWOOD SCHOOL,2046689438,River East Transcona School Division
DOUGLAS ELEMENTARY,2047634480,Rolling River
DR. D. W. PENNER SCHOOL,2042561135,Louis Riel School Division
DR. F.W.L. HAMILTON SCHOOL,2046612500,River East Transcona School Division
DR. GEORGE JOHNSON MIDDLE SCHOOL,2046428581,Evergreen
DUCK BAY SCHOOL,2045242394,Frontier
DUFFERIN SCHOOL,2047743409,Winnipeg
DUKE OF MARLBOROUGH SCHOOL,2046752737,Frontier
EAGLE CREEK COLONY SCHOOL,2043532297,Prairie Rose
EARL GREY SCHOOL,2044741441,Winnipeg
EARL OXFORD SCHOOL,2047293270,Brandon
EAST SELKIRK MIDDLE SCHOOL,2047852036,Lord Selkirk
ÉCOLE ARTHUR MEIGHEN SCHOOL,2048573405,Portage La Prairie
ÉCOLE ASSINIBOINE,2048852216,St. James - Assiniboia School Division
ÉCOLE BANNATYNE,2048881101,St. James - Assiniboia School Division
ÉCOLE BEAUSÉJOUR EARLY YEARS,2042682664,Sunrise
ÉCOLE BELMONT,2043387893,Seven Oaks
ÉCOLE BONAVENTURE,2047858284,Lord Selkirk
ÉCOLE CENTRALE,2049586426,River East Transcona School Division
ÉCOLE CHARLESWOOD SCHOOL,2048899332,Pembina Trails School Division
ÉCOLE CONSTABLE EDWARD FINNEY SCHOOL,2046948688,Seven Oaks
ÉCOLE CRANE,2044530539,Pembina Trails School Division
ÉCOLE CRESCENTVIEW SCHOOL,2048573475,Portage La Prairie
ÉCOLE DIEPPE,2048891034,Pembina Trails School Division
ÉCOLE DUGALD SCHOOL,2048537929,Sunrise
ÉCOLE EDWARD-SCHREYER SCHOOL,2042682423,Sunrise
ÉCOLE ELMWOOD SCHOOL,2043248611,Border Land
ÉCOLE GEORGE MCDOWELL,2042531492,Louis Riel School Division
ÉCOLE GUYOT,2042572540,Louis Riel School Division
ÉCOLE HARRISON,2047293200,Brandon
ÉCOLE HENRI-BERGERON,2042337079,Louis Riel School Division
ÉCOLE HÉRITAGE IMMERSION,2044333460,Red River Valley
ÉCOLE HOWDEN,2042570656,Louis Riel School Division
ÉCOLE ÎLE-DES-CHÊNES SCHOOL,2048782898,Seine River
ÉCOLE JOHN HENDERSON MIDDLE SCHOOL,2046612503,River East Transcona School Division
ÉCOLE JULIE-RIEL,2042532363,Louis Riel School Division
ÉCOLE LA VÉRENDRYE,2044525015,Winnipeg
ÉCOLE LANSDOWNE,2043387039,Winnipeg
ÉCOLE LAURIER,2044472068,Turtle River
ÉCOLE LEILA NORTH COMMUNITY SCHOOL,2046948071,Seven Oaks
ÉCOLE LORETTE IMMERSION,2048784233,Seine River
ÉCOLE MACNEILL,2046383942,Mountain View
ÉCOLE MARGARET-UNDERHILL,2049586832,River East Transcona School Division
ÉCOLE MARIE-ANNE-GABOURY,2042539704,Louis Riel School Division
ÉCOLE MCISAAC SCHOOL,2046877578,Flin Flon
ÉCOLE MUNROE MIDDLE SCHOOL,2046614451,River East Transcona School Division
ÉCOLE NEIL CAMPBELL SCHOOL,2046612848,River East Transcona School Division
ÉCOLE NESS,2048371361,St. James - Assiniboia School Division
ÉCOLE OPASQUIA SCHOOL,2046233459,Kelsey
ÉCOLE PARKSIDE SCHOOL,2043248206,Border Land
ÉCOLE POWERVIEW SCHOOL,2043672296,Sunrise
ÉCOLE PROVENCHER,2042330222,Louis Riel School Division
ÉCOLE R. W. BOBBY BEND SCHOOL,2044675537,Interlake
ÉCOLE REGENT PARK,2049586830,River East Transcona School Division
ÉCOLE RIVIERE ROUGE,2046975962,Seven Oaks
ÉCOLE ROBERT-BROWNING,2048378381,St. James - Assiniboia School Division
ÉCOLE SACRÉ-COEUR,2047752574,Winnipeg
ÉCOLE SAGE CREEK SCHOOL,2042538199,Louis Riel School Division
ÉCOLE SAINT-AVILA,2042695677,Pembina Trails School Division
ÉCOLE SAINTE-ANNE IMMERSION,2044228762,Seine River
ÉCOLE SAINT-EUSTACHE,2043532869,Prairie Rose
ÉCOLE SAINT-GERMAIN,2042540120,Louis Riel School Division
ÉCOLE SAINT-MALO SCHOOL,2043475255,Red River Valley
ÉCOLE SAINT-NORBERT IMMERSION,2042614430,Seine River
ÉCOLE SALISBURY MORSE PLACE SCHOOL,2046689304,River East Transcona School Division
ÉCOLE SECONDAIRE KELVIN HIGH SCHOOL,2044741492,Winnipeg
ÉCOLE SEVEN OAKS MIDDLE SCHOOL,2045860327,Seven Oaks
ÉCOLE SIR WILLIAM OSLER,2044883569,Winnipeg
ÉCOLE SOUTH POINTE SCHOOL,2045944434,Pembina Trails School Division
ÉCOLE SPRINGFIELD HEIGHTS SCHOOL,2046635078,River East Transcona School Division
ÉCOLE ST. ADOLPHE SCHOOL,2048832182,Seine River
ÉCOLE SUN VALLEY SCHOOL,2046637664,River East Transcona School Division
ÉCOLE SWAN RIVER SOUTH SCHOOL,2047344518,Swan Valley
ÉCOLE TUXEDO PARK,2048893602,Pembina Trails School Division
ÉCOLE VAN BELLEGHEM,2042551134,Louis Riel School Division
ÉCOLE VARENNES,2042531375,Louis Riel School Division
ÉCOLE VISCOUNT ALEXANDER,2044528945,Pembina Trails School Division
ÉCOLE WATERFORD SPRINGS SCHOOL,2042583870,Winnipeg
ÉCOLE WEST PARK SCHOOL,2043245319,Border Land
EDELWEISS SCHOOL,2048293973,Garden Valley
EDMUND PARTRIDGE COMMUNITY SCHOOL,2043399889,Seven Oaks
ELKHORN SCHOOL,2048452118,Fort la Bosse
ELM CREEK SCHOOL,2044362354,Prairie Rose
ELMDALE SCHOOL,2043263325,Hanover
ELMWOOD HIGH,2046678823,Winnipeg
ELTON COLLEGIATE,2047287676,Rolling River
ELWICK COMMUNITY SCHOOL,2046335641,Seven Oaks
EMERADO CENTENNIAL,2043314533,Garden Valley
EMERALD COLONY SCHOOL,2043853475,Pine Creek
EMERSON ELEMENTARY,2043732624,Border Land
EMERSON SCHOOL,2046694430,River East Transcona School Division
ERICKSON COLLEGIATE INSTITUTE,2046362605,Rolling River
ERICKSON ELEMENTARY,2046362266,Rolling River
ERIKSDALE SCHOOL,2047392635,Lakeshore
ETHELBERT SCHOOL,2047423265,Mountain View
EVERGREEN COLONY SCHOOL,2047442030,Prairie Spirit
F. W. GILBERT SCHOOL,2047532559,Whiteshell
FAIRHOLME COLONY SCHOOL,2042522289,Prairie Spirit
FAIRWAY COLONY SCHOOL,2047634103,Beautiful Plains
FALCON BEACH SCHOOL,2043492295,Frontier
FARADAY SCHOOL,2045868583,Winnipeg
FISHER BRANCH COLLEGIATE,2043726459,Lakeshore
FISHER BRANCH EARLY YEARS SCHOOL,2043726615,Lakeshore
FOREST HOME SCHOOL,2043852227,Pine Creek
FOREST PARK SCHOOL,2043389341,Seven Oaks
FORREST ELEMENTARY,2047287674,Rolling River
FORT LA REINE SCHOOL,2048577687,Portage La Prairie
FORT RICHMOND COLLEGIATE,2042757520,Pembina Trails School Division
FORT ROUGE SCHOOL,2044755057,Winnipeg
FRONTENAC SCHOOL,2042570609,Louis Riel School Division
FRONTIER COLLEGIATE,2044723431,Frontier
GARDEN GROVE SCHOOL,2046336477,Winnipeg
GARDEN VALLEY COLLEGIATE,2043258008,Garden Valley
GENERAL BYNG SCHOOL,2044523040,Pembina Trails School Division
GENERAL VANIER SCHOOL,2042551400,Louis Riel School Division
GENERAL WOLFE SCHOOL,2047867427,Winnipeg
GEORGE FITTON SCHOOL,2047293220,Brandon
GEORGE V SCHOOL,2046694482,Winnipeg
GEORGE WATERS MIDDLE SCHOOL,2048884898,St. James - Assiniboia School Division
GILBERT PLAINS COLLEGIATE INSTITUTE,2045482551,Mountain View
GILBERT PLAINS ELEMENTARY,2045482822,Mountain View
GILLAM SCHOOL,2046522193,Frontier
GILLIS SCHOOL,2042684353,Sunrise
GIMLI HIGH SCHOOL,2046428546,Evergreen
GLADSTONE ELEMENTARY,2043852613,Pine Creek
GLADSTONE SCHOOL,2044754767,Winnipeg
GLENBORO SCHOOL,2048272593,Prairie Spirit
GLENDALE SCHOOL,2047634963,Rolling River
GLENELLA SCHOOL,2043524253,Turtle River
GLENELM SCHOOL,2046678534,Winnipeg
GLENLAWN COLLEGIATE,2042333986,Louis Riel School Division
GLENWAY COLONY SCHOOL,2044272223,Border Land
GLENWOOD SCHOOL,2042333619,Louis Riel School Division
GOLDEN GATE MIDDLE SCHOOL,2048375808,St. James - Assiniboia School Division
GOOD HOPE COLONY SCHOOL,2042522568,Portage La Prairie
GOOSE LAKE HIGH,2049372138,Mountain View
GORDON BELL HIGH SCHOOL,2047745401,Winnipeg
GOULTER SCHOOL,2047482294,Fort la Bosse
GOVERNOR SEMPLE SCHOOL,2043397112,Seven Oaks
GRAFTON SCHOOL,2042682507,Sunrise
GRAND RAPIDS SCHOOL,2046392451,Frontier
GRANDVIEW SCHOOL,2045462882,Mountain View
GRANT PARK HIGH SCHOOL,2044523112,Winnipeg
GRASS RIVER SCHOOL,2043524410,Turtle River
GREEN ACRES COLONY SCHOOL,2048242340,Southwest Horizon
GREEN ACRES SCHOOL,2047293265,Brandon
GREEN RIDGE SCHOOL,2044273827,Border Land
GREEN VALLEY SCHOOL,2044346415,Hanover
GREENWAY SCHOOL,2047752455,Winnipeg
GRETNA ELEMENTARY,2043275344,Border Land
GROSS COLONY SCHOOL,2043487055,Sunrise
GROSSE ISLE SCHOOL,2044672560,Interlake
GROSVENOR SCHOOL,2044755242,Winnipeg
GYPSUMVILLE SCHOOL,2046594475,Frontier
H. C. AVERY MIDDLE SCHOOL,2043344391,Seven Oaks
H. S. PAUL SCHOOL,2042547477,Louis Riel School Division
HAMIOTA COLLEGIATE,2048422803,Park West
HAMIOTA ELEMENTARY,2048422823,Park West
HAMPSTEAD SCHOOL,2046541818,River East Transcona School Division
HAPNOT COLLEGIATE,2046877506,Flin Flon
HAPPY THOUGHT SCHOOL,2044824521,Lord Selkirk
HARMONY COLONY SCHOOL,2047492356,Prairie Spirit
HAROLD HATCHER SCHOOL,2049586880,River East Transcona School Division
HARROW SCHOOL,2044533347,Winnipeg
HARTNEY SCHOOL,2044836295,Southwest Horizon
HASTINGS SCHOOL,2042531371,Louis Riel School Division
HAZEL M. KELLINGTON SCHOOL,2044762323,Beautiful Plains
HAZELRIDGE SCHOOL,2047552214,Sunrise
HEARTLAND COLONY SCHOOL,2047552342,Sunrise
HEDGES MIDDLE SCHOOL,2048375843,St. James - Assiniboia School Division
HENDERSON ELEMENTARY,2046384653,Mountain View
HENRY G. IZATT MIDDLE SCHOOL,2044891239,Pembina Trails School Division
HERITAGE SCHOOL,2048371394,St. James - Assiniboia School Division
HEYES ELEMENTARY,2047343385,Swan Valley
HIDDEN VALLEY SCHOOL,2046372312,Pine Creek
HIGHBURY SCHOOL,2042545078,Louis Riel School Division
HOCHFELD SCHOOL,2043258592,Garden Valley
HOFER SCHOOL,2042653522,Sunrise
HOLLAND ELEMENTARY,2045262179,Prairie Spirit
HOLMFIELD COLONY SCHOOL,2045234355,Turtle Mountain
HORIZON COLONY SCHOOL,2048293226,Border Land
HUGH JOHN MACDONALD SCHOOL,2047865631,Winnipeg
HURON COLONY SCHOOL,2043532704,Prairie Rose
IBERVILLE COLONY SCHOOL,2043532297,Prairie Rose
INGLESIDE SCHOOL,2042672265,Portage La Prairie
INGLIS ELEMENTARY,2048422806,Park West
INKSTER SCHOOL,2045894383,Winnipeg
INTERDIVISIONAL STUDENT SERVICES,2047880203,Winnipeg
INWOOD SCHOOL,2042783347,Lakeshore
ISAAC BROCK SCHOOL,2047729527,Winnipeg
ISAAC NEWTON SCHOOL,2045869606,Winnipeg
ISLAND LAKES COMMUNITY SCHOOL,2042546247,Louis Riel School Division
J. A. CUDDY ELEMENTARY,2047362282,Red River Valley
J. B. MITCHELL SCHOOL,2044884517,Winnipeg
J. H. BRUNS COLLEGIATE,2042572928,Louis Riel School Division
J. M. YOUNG SCHOOL,2049663487,Beautiful Plains
J. R. REID SCHOOL,2047293955,Brandon
J. R. WALKOF ELEMENTARY,2043257765,Garden Valley
JACK RIVER SCHOOL,2043596781,Frontier
JAMES NISBET COMMUNITY SCHOOL,2046338870,Seven Oaks
JAMES VALLEY COLONY SCHOOL,2043532297,Prairie Rose
JAMESWOOD ALTERNATIVE SCHOOL,2048859555,St. James - Assiniboia School Division
JOHN de GRAFF SCHOOL,2046691280,River East Transcona School Division
JOHN G. STEWART SCHOOL,2043383670,River East Transcona School Division
JOHN M. KING SCHOOL,2047754404,Winnipeg
JOHN PRITCHARD SCHOOL,2043391984,River East Transcona School Division
JOHN TAYLOR COLLEGIATE,2048888930,St. James - Assiniboia School Division
JOHN W. GUNN MIDDLE SCHOOL,2049586500,River East Transcona School Division
JOSEPH H. KERR SCHOOL,2043582281,Frontier
JOSEPH TERES SCHOOL,2049586860,River East Transcona School Division
JULIE LINDAL SCHOOL,2042884355,Frontier
JUNIPER SCHOOL,2046776242,Mystery Lake
KAMSLEY SCHOOL,2047442145,Prairie Spirit
KELSEY COMMUNITY SCHOOL,2046237421,Kelsey
KELSEY SCHOOL,2046333485,Interlake
KENT ROAD SCHOOL,2046691228,Winnipeg
KILDONAN-EAST COLLEGIATE,2046672960,River East Transcona School Division
KILLARNEY SCHOOL,2045234696,Turtle Mountain
KING EDWARD COMMUNITY SCHOOL,2045868381,Winnipeg
KING GEORGE SCHOOL,2047293990,Brandon
KIRKCALDY HEIGHTS SCHOOL,2047293290,Brandon
KLEEFELD SCHOOL,2043774751,Hanover
KOLA SCHOOL,2045562347,Fort la Bosse
LA BARRIERE CROSSINGS SCHOOL,2042755048,Seine River
LA SALLE SCHOOL,2047364366,Seine River
LA VERENDRYE SCHOOL,2048573478,Portage La Prairie
LAC DU BONNET SENIOR,2043452585,Sunrise
LAIDLAW SCHOOL,2048881678,Pembina Trails School Division
LAKEFRONT SCHOOL,2047322750,Frontier
LAKESIDE COLONY SCHOOL,2043532297,Prairie Rose
LAKEWOOD SCHOOL,2048899360,St. James - Assiniboia School Division
LANDMARK COLLEGIATE,2043554020,Hanover
LANDMARK ELEMENTARY SCHOOL,2043554663,Hanover
LANGRUTH ELEMENTARY,2044452001,Pine Creek
LAURA SECORD SCHOOL,2047864796,Winnipeg
LAVALLEE SCHOOL,2042531388,Louis Riel School Division
LEAF RAPIDS EDUCATION CENTRE,2044732403,Frontier
LIGHTLY SCHOOL,2042728081,Interlake
LINCOLN MIDDLE SCHOOL,2048378397,St. James - Assiniboia School Division
LINDEN LANES SCHOOL,2047293260,Brandon
LINDEN MEADOWS SCHOOL,2044890799,Pembina Trails School Division
LINWOOD SCHOOL,2048899356,St. James - Assiniboia School Division
LOCKPORT SCHOOL,2047579881,Lord Selkirk
LORD NELSON SCHOOL,2045869625,Winnipeg
LORD ROBERTS COMMUNITY SCHOOL,2044536639,Winnipeg
LORD SELKIRK REGIONAL SECONDARY,2044826926,Lord Selkirk
LORD SELKIRK SCHOOL,2046678495,Winnipeg
LORD WOLSELEY SCHOOL,2046612384,River East Transcona School Division
Louis Riel School Division S.D. ARTS AND TECHNOLOGY CTR.,2042378951,Louis Riel School Division
LOWE FARM SCHOOL,2047468068,Red River Valley
LT. COL. BARKER V.C. SCHOOL,2046384588,Mountain View
LUNDAR SCHOOL,2047625610,Lakeshore
LUXTON SCHOOL,2045894368,Winnipeg
MACGREGOR COLLEGIATE,2046852047,Pine Creek
MACGREGOR ELEMENTARY,2046852249,Pine Creek
MACHRAY SCHOOL,2045868085,Winnipeg
MACKENZIE MIDDLE SCHOOL,2046383323,Mountain View
MAJOR PRATT SCHOOL,2048422812,Park West
MALLARD SCHOOL,2043225424,Interlake
MANITOU ELEMENTARY,2042422844,Prairie Spirit
MANY FACES EDUCATION CENTRE,2046876354,Flin Flon
MAPLE CREEK SCHOOL,2044352299,Prairie Rose
MAPLE GROVE COLONY SCHOOL,2048582204,Southwest Horizon
MAPLE LEAF ELEMENTARY SCHOOL,2048224458,Western
MAPLE LEAF SCHOOL,2046619509,River East Transcona School Division
MAPLES COLLEGIATE,2046326641,Seven Oaks
MAPLES MET SCHOOL,2045868061,Seven Oaks
MAPLETON SCHOOL,2044824409,Lord Selkirk
MARBLE RIDGE COLONY SCHOOL,2043728830,Lakeshore
MARGARET BARBOUR COLLEGIATE INSTITUTE,2046233485,Kelsey
MARGARET PARK SCHOOL,2043389384,Seven Oaks
MARION SCHOOL,2042332893,Louis Riel School Division
MARY DUNCAN SCHOOL,2046231420,Kelsey
MARY MONTGOMERY SCHOOL,2047482575,Fort la Bosse
MARYLAND PARK SCHOOL,2047257770,Brandon
MATHESON ISLAND SCHOOL,2042762118,Frontier
MAXWELL COLONY SCHOOL,2043532297,Prairie Rose
MAYFAIR COLONY SCHOOL,2045238768,Turtle Mountain
MCCREARY SCHOOL,2048352083,Turtle River
MEADOW LANE SCHOOL,2043225661,Interlake
MEADOWS SCHOOL,2047293988,Brandon
MEADOWS WEST SCHOOL,2046946755,Winnipeg
MEL JOHNSON SCHOOL,2046892620,Frontier
MELITA SCHOOL,2044836293,Southwest Horizon
MET SCHOOL,2043365050,Seven Oaks
MIAMI SCHOOL,2044352441,Prairie Rose
MINIOTA SCHOOL,2048422826,Park West
MINISTIC SCHOOL,2043352159,Frontier
MINITONAS SCHOOL,2047345222,Swan Valley
MINNEDOSA COLLEGIATE,2048672794,Rolling River
MINNETONKA SCHOOL,2042578114,Louis Riel School Division
MINNEWASTA SCHOOL,2048224580,Western
MINTO SCHOOL,2047762041,Turtle Mountain
MITCHELL ELEMENTARY SCHOOL,2043266622,Hanover
MITCHELL MIDDLE SCHOOL,2043209488,Hanover
MONARCH COLONY SCHOOL,2048472008,Park West
MONTCALM SCHOOL,2044776391,Winnipeg
MONTROSE SCHOOL,2044888112,Winnipeg
MORDEN COLLEGIATE,2048224425,Western
MORDEN MIDDLE SCHOOL,2048226225,Western
MORRIS SCHOOL,2047462612,Red River Valley
MULLER SCHOOL,2042742463,Pine Creek
MULVEY SCHOOL,2047863469,Winnipeg
MURDOCH MACKAY COLLEGIATE,2049586460,River East Transcona School Division
NATURE VALLEY COLONY SCHOOL,2048242038,Southwest Horizon
NEELIN HIGH,2047293180,Brandon
NEEPAWA AREA COLLEGIATE,2044763305,Beautiful Plains
NEEPAWA MIDDLE SCHOOL,2047043000,Beautiful Plains
NELLIE MCCLUNG COLLEGIATE,2042422640,Prairie Spirit
NELSON MCINTYRE COLLEGIATE,2042370219,Louis Riel School Division
NETLEY SCHOOL,2047384630,Lord Selkirk
NEW ERA SCHOOL,2047293161,Brandon
NEW HAVEN SCHOOL,2044678700,Interlake
NEW ROSEDALE SCHOOL,2042522870,Prairie Spirit
NEWDALE COLONY SCHOOL,2047250412,Southwest Horizon
NIAKWA PLACE SCHOOL,2042570640,Louis Riel School Division
NIJI MAHKWA SCHOOL,2045896742,Winnipeg
NIVERVILLE ELEMENTARY,2043884861,Hanover
NIVERVILLE HIGH SCHOOL,2043884731,Hanover
NIVERVILLE MIDDLE SCHOOL,2043884731,Hanover
NORDALE SCHOOL,2042370202,Louis Riel School Division
NORQUAY COLONY SCHOOL,2042672133,Portage La Prairie
NORQUAY SCHOOL,2049439541,Winnipeg
NORTH MEMORIAL SCHOOL,2048574564,Portage La Prairie
NORTHERN BREEZE COLONY SCHOOL,2048577521,Portage La Prairie
NORTHLANDS PARKWAY COLLEGIATE,2043258200,Garden Valley
O. V. JEWITT ELEMENTARY,2046331714,Seven Oaks
OAK BANK ELEMENTARY,2044442473,Sunrise
OAK BLUFF COMMUNITY SCHOOL,2048950004,Red River Valley
OAK LAKE COMMUNITY SCHOOL,2048552242,Fort la Bosse
OAK PARK HIGH,2048957221,Pembina Trails School Division
OAK RIVER COLONY SCHOOL,2042728051,Rolling River
OAK RIVER ELEMENTARY,2045662167,Rolling River
OAKENWALD SCHOOL,2044740269,Pembina Trails School Division
OAKLAND SCHOOL,2044837337,Southwest Horizon
OAKVILLE SCHOOL,2042672733,Portage La Prairie
OCHRE RIVER SCHOOL,2047332559,Mountain View
O'KELLY SCHOOL,2047290399,Brandon
OMEGA SCHOOL,2048862574,Interlake
ONANOLE ELEMENTARY,2048482402,Rolling River
PACIFIC JUNCTION SCHOOL,2048317099,Pembina Trails School Division
PARC LA SALLE SCHOOL,2042691503,Seine River
PARKLAND ELEMENTARY SCHOOL,2043256373,Garden Valley
PARKVIEW SCHOOL,2049672572,Turtle River
PEACE VALLEY SCHOOL,2047352863,Red River Valley
Pembina Trails School Division ALTERNATIVE HIGH SCHOOL,2044887357,Pembina Trails School Division
Pembina Trails School Division EARLY COLLEGE SCHOOL,2045097849,Pembina Trails School Division
PEONAN POINT SCHOOL,2046592009,Frontier
PHILOMENE CHARTRAND SCHOOL,2045242343,Frontier
PHOENIX SCHOOL,2048895053,St. James - Assiniboia School Division
PIERSON SCHOOL,2044836292,Southwest Horizon
PIKWITONEI SCHOOL,2044582471,Frontier
PILOT MOUND SCHOOL,2048252559,Prairie Spirit
PINAWA SECONDARY SCHOOL,2047532381,Whiteshell
PINELAND COLONY SCHOOL,2044232069,Border Land
PINKHAM SCHOOL,2047865749,Winnipeg
PLAINVIEW COLONY SCHOOL,2048452273,Fort la Bosse
PLUM COULEE SCHOOL,2043259852,Garden Valley
PLUMAS ELEMENTARY,2043862250,Pine Creek
POLSON SCHOOL,2046694490,River East Transcona School Division
PORTAGE COLLEGIATE INSTITUTE,2048576843,Portage La Prairie
PRAIRIE BLOSSOM SCHOOL,2044678012,Interlake
PRAIRIE DALE SCHOOL,2043258203,Garden Valley
PRAIRIE HOPE HIGH SCHOOL,2047252630,Brandon
PRAIRIE MOUNTAIN ELEMENTARY SCHOOL,2048362855,Prairie Spirit
PRAIRIE MOUNTAIN HIGH SCHOOL,2047442751,Prairie Spirit
PRAIRIE ROSE ELEMENTARY SCHOOL,2046334092,Winnipeg
PRINCE EDWARD SCHOOL,2046675727,River East Transcona School Division
PRINCESS MARGARET SCHOOL,2046635073,River East Transcona School Division
PRINCIPAL SPARLING SCHOOL,2047836195,Winnipeg
QUEENSTON SCHOOL,2044893423,Winnipeg
R. D. PARKER COLLEGIATE,2046776200,Mystery Lake
R. J. WAUGH ELEMENTARY,2048342828,Beautiful Plains
R.B. RUSSELL VOCATIONAL SCHOOL,2045895301,Winnipeg
R.H.G. BONNYCASTLE SCHOOL,2042619400,Pembina Trails School Division
RADISSON SCHOOL,2049586591,River East Transcona School Division
RALPH BROWN SCHOOL,2045897355,Winnipeg
RALPH MAYBANK SCHOOL,2044534631,Pembina Trails School Division
RAPID CITY SCHOOL,2048262824,Rolling River
RESTON SCHOOL,2048773994,Fort la Bosse
RICHER SCHOOL,2044225490,Seine River
RICHLAND SCHOOL,2048663293,Sunrise
RIDGEVILLE COLONY SCHOOL,2043732645,Border Land
RIVER EAST COLLEGIATE,2043384611,River East Transcona School Division
RIVER ELM SCHOOL,2046679006,Winnipeg
RIVER HEIGHTS SCHOOL,2044887090,Winnipeg
RIVER WEST PARK SCHOOL,2048957225,Pembina Trails School Division
RIVERBEND COLONY SCHOOL,2048342266,Beautiful Plains
RIVERBEND COMMUNITY SCHOOL,2043348417,Seven Oaks
RIVERHEIGHTS SCHOOL,2047293210,Brandon
RIVERS COLLEGIATE,2043285364,Rolling River
RIVERS ELEMENTARY,2043287416,Rolling River
RIVERSIDE COLONY SCHOOL,2043682263,Beautiful Plains
RIVERSIDE SCHOOL,2046776115,Mystery Lake
RIVERTON COLLEGIATE,2043785135,Evergreen
RIVERTON EARLY MIDDLE YEARS SCHOOL,2043785145,Evergreen
RIVERVIEW SCHOOL,2047290330,Brandon
ROBERT ANDREWS MIDDLE SCHOOL,2046615838,River East Transcona School Division
ROBERT H. SMITH SCHOOL,2044881137,Winnipeg
ROBERT SMITH ELEMENTARY,2044823677,Lord Selkirk
ROBERTSON SCHOOL,2045894745,Winnipeg
ROBLIN ELEMENTARY,2049372585,Mountain View
ROCK LAKE SCHOOL,2043225345,Interlake
ROCKWOOD SCHOOL,2044524210,Winnipeg
ROLAND ELEMENTARY,2043432023,Prairie Rose
ROLLING ACRES SCHOOL,2049663496,Beautiful Plains
RORKETON SCHOOL,2047322525,Frontier
ROSEAU VALLEY SCHOOL,2044272143,Border Land
ROSEBANK COLONY SCHOOL,2044352269,Prairie Rose
ROSEDALE COLONY SCHOOL,2043532297,Prairie Rose
ROSENFELD ELEMENTARY,2043248438,Border Land
ROSENORT SCHOOL,2047468355,Red River Valley
ROSS L. GRAY SCHOOL,2044372175,Border Land
ROSSBURN COLLEGIATE,2048422810,Park West
ROSSBURN ELEMENTARY,2048422804,Park West
ROSSER SCHOOL,2044672717,Interlake
ROYAL SCHOOL,2048896650,Pembina Trails School Division
RUTH BETTS COMMUNITY SCHOOL,2046877538,Flin Flon
RUTH HOOKER SCHOOL,2044823614,Lord Selkirk
RYERSON ELEMENTARY,2042691400,Pembina Trails School Division
SAMUEL BURLAND SCHOOL,2042540124,Louis Riel School Division
SAN ANTONIO SCHOOL,2042775277,Frontier
SANDY BANK SCHOOL,2047432208,Prairie Spirit
SANFORD COLLEGIATE,2047362366,Red River Valley
SANSOME SCHOOL,2048896000,St. James - Assiniboia School Division
SARGENT PARK SCHOOL,2047758985,Winnipeg
SCOTT BATEMAN MIDDLE SCHOOL,2046233411,Kelsey
SELKIRK JUNIOR HIGH,2047858514,Lord Selkirk
SHADY LANE SCHOOL,2047232097,Prairie Spirit
SHAFTESBURY HIGH,2048885898,Pembina Trails School Division
SHAMROCK SCHOOL,2045352120,Prairie Spirit
SHAUGHNESSY PARK SCHOOL,2045868376,Winnipeg
SHERWOOD SCHOOL,2046670413,River East Transcona School Division
SHEVCHENKO SCHOOL,2044253535,Border Land
SHKOLA R.F. MORRISON SCHOOL,2043387804,Seven Oaks
SHOAL LAKE SCHOOL,2048422822,Park West
SIGURBJORG STEFANSSON EARLY SCHOOL,2046421500,Evergreen
SISLER HIGH SCHOOL,2045898321,Winnipeg
SISTER MACNAMARA SCHOOL,2049426965,Winnipeg
SKY VIEW SCHOOL,2044352517,Prairie Rose
SMITH-JACKSON SCHOOL,2046383134,Mountain View
SOMMERFELD COLONY SCHOOL,2042432487,Portage La Prairie
SOURIS RIVER COLONY SCHOOL,2047692267,Southwest Horizon
SOURIS SCHOOL,2044832161,Southwest Horizon
SOUTH OAKS ELEMENTARY,2044346165,Hanover
SOUTHWOOD ELEMENTARY,2043258592,Garden Valley
SOUTHWOOD SCHOOL,2043263518,Hanover
SPRING VALLEY COLONY SCHOOL,2047290320,Brandon
SPRINGFIELD COLLEGIATE,2044442404,Sunrise
SPRINGFIELD MIDDLE SCHOOL,2044442995,Sunrise
SPRINGWELL SCHOOL,2043456410,Sunrise
SPRUCE WOOD SCHOOL,2043542259,Beautiful Plains
ST. ANDREWS SCHOOL,2043346083,Lord Selkirk
ST. AUGUSTINE SCHOOL,2047293285,Brandon
ST. CLAUDE SCHOOL COMPLEX,2043792441,Prairie Spirit
ST. FRANCOIS XAVIER COMMUNITY SCHOOL,2048642868,Prairie Rose
ST. GEORGE SCHOOL,2042532646,Louis Riel School Division
ST. JAMES COLLEGIATE,2048884867,St. James - Assiniboia School Division
ST. JOHN'S HIGH SCHOOL,2045894374,Winnipeg
ST. LAURENT SCHOOL,2046462209,Prairie Rose
ST. PAUL'S COLLEGIATE,2043532084,Prairie Rose
STANLEY KNOWLES SCHOOL,2046940483,Winnipeg
STARBUCK SCHOOL,2047352779,Red River Valley
STARLITE COLONY SCHOOL,2043532297,Prairie Rose
STE. ANNE COLLEGIATE,2044225417,Seine River
STE. ANNE ELEMENTARY SCHOOL,2044228776,Seine River
STE. MARIE SCHOOL,2045262185,Prairie Spirit
STE. ROSE SCHOOL,2044472088,Turtle River
STEINBACH REGIONAL SECONDARY,2043266426,Hanover
STEVENSON ISLAND SCHOOL,2044562786,Frontier
STEVENSON SCHOOL,2048321359,St. James - Assiniboia School Division
STONEWALL CENTENNIAL SCHOOL,2044675502,Interlake
STONEWALL COLLEGIATE,2044675539,Interlake
STONY MOUNTAIN ELEMENTARY,2043445459,Interlake
STONYBROOK MIDDLE SCHOOL,2043266481,Hanover
STRATHCLAIR COMMUNITY SCHOOL,2048422801,Park West
STRATHCONA SCHOOL,2045868493,Winnipeg
STRATHMILLAN SCHOOL,2048880148,St. James - Assiniboia School Division
SUNCREST COLONY SCHOOL,2044337970,Red River Valley
SUNNYSIDE SCHOOL,2042672632,Portage La Prairie
SWAN VALLEY REGIONAL SECONDARY SCHOOL,2047344511,Swan Valley
TANNER'S CROSSING SCHOOL,2048672591,Rolling River
TAYLOR ELEMENTARY,2047344593,Swan Valley
TECH-VOCATIONAL HIGH SCHOOL,2047861401,Winnipeg
TEULON COLLEGIATE,2048862593,Interlake
TEULON ELEMENTARY,2048862620,Interlake
THICKET PORTAGE SCHOOL,2042863264,Frontier
THOMAS GREENWAY MIDDLE YEARS SCHOOL,2048732147,Prairie Spirit
TRANSCONA COLLEGIATE,2049586440,River East Transcona School Division
TREHERNE COLLEGIATE,2047232781,Prairie Spirit
TREHERNE ELEMENTARY,2047232737,Prairie Spirit
TWILIGHT COLONY SCHOOL,2044768837,Beautiful Plains
TYNDALL PARK COMMUNITY SCHOOL,2046330065,Winnipeg
VALLEY GARDENS MIDDLE SCHOOL,2046686249,River East Transcona School Division
VALLEYVIEW CENTENNIAL SCHOOL,2047293950,Brandon
VALLEYVIEW SCHOOL,2048362212,Prairie Spirit
VAN WALLEGHEM SCHOOL,2044890995,Pembina Trails School Division
VERMILLION COLONY SCHOOL,2047364223,Red River Valley
VICTOR H.L. WYATT SCHOOL,2042557880,Louis Riel School Division
VICTOR MAGER SCHOOL,2042539873,Louis Riel School Division
VICTORIA-ALBERT SCHOOL,2049433459,Winnipeg
VICTORY SCHOOL,2045869716,Seven Oaks
VINCENT MASSEY COLLEGIATE,2044538023,Pembina Trails School Division
VINCENT MASSEY HIGH,2047293170,Brandon
VIRDEN COLLEGIATE,2047482205,Fort la Bosse
VIRDEN JUNIOR HIGH,2047481932,Fort la Bosse
VOYAGEUR SCHOOL,2048883390,St. James - Assiniboia School Division
W. C. MILLER COLLEGIATE,2043246416,Border Land
WALDHEIM ELEMENTARY,2043532297,Prairie Rose
WALTER WHYTE SCHOOL,2047542240,Lord Selkirk
WAPANOHK COMMUNITY SCHOOL,2046776140,Mystery Lake
WARREN COLLEGIATE,2043225586,Interlake
WARREN ELEMENTARY,2043225576,Interlake
WASKADA SCHOOL,2044836297,Southwest Horizon
WATERHEN SCHOOL,2046283443,Frontier
WAVERLY PARK SCHOOL,2047293250,Brandon
WAWANESA SCHOOL,2044836298,Southwest Horizon
WAYOATA SCHOOL,2049586840,River East Transcona School Division
WELLINGTON SCHOOL,2047748085,Winnipeg
WELLWOOD SCHOOL,2047762344,Turtle Mountain
WEST KILDONAN COLLEGIATE,2043396959,Seven Oaks
WEST LYNN HEIGHTS SCHOOL,2043562292,Frontier
WEST PLAINS SCHOOL,2043852980,Pine Creek
WEST ST. PAUL SCHOOL,2043391964,Seven Oaks
WEST VALLEY SCHOOL,2042462255,Prairie Spirit
WESTDALE JUNIOR HIGH,2048958205,Pembina Trails School Division
WESTGROVE SCHOOL,2048958208,Pembina Trails School Division
WESTON SCHOOL,2047752591,Winnipeg
WESTROC SCHOOL,2042742786,Portage La Prairie
WESTVIEW COLONY SCHOOL,2045662149,Rolling River
WESTVIEW SCHOOL,2049586412,River East Transcona School Division
WESTWOOD COLLEGIATE,2048887650,St. James - Assiniboia School Division
WESTWOOD ELEMENTARY,2046776190,Mystery Lake
WHISTLING WIND SCHOOL,2048272309,Prairie Spirit
WHITEMOUTH SCHOOL,2043482595,Sunrise
WHITMORE SCHOOL,2046384782,Mountain View
WHYTE RIDGE ELEMENTARY,2044884245,Pembina Trails School Division
WILLERTON SCHOOL,2044762740,Beautiful Plains
WILLIAM MORTON COLLEGIATE,2043852845,Pine Creek
WILLIAM S. PATTERSON SCHOOL,2047384700,Lord Selkirk
WILLIAM WHYTE SCHOOL,2045894313,Winnipeg
WILLOW CREEK COLONY SCHOOL,2045292567,Prairie Spirit
WINDSOR PARK COLLEGIATE,2042567316,Louis Riel School Division
WINDSOR SCHOOL,2042374057,Louis Riel School Division
WINDY BAY SCHOOL,2048252049,Prairie Spirit
WINKLER ELEMENTARY,2043259501,Garden Valley
WINNIPEG ADULT EDUCATION CENTRE,2049471674,Winnipeg
WINNIPEG BEACH SCHOOL,2043892176,Evergreen
WINNIPEGOSIS COLLEGIATE,2046564792,Mountain View
WINNIPEGOSIS ELEMENTARY,2046564550,Mountain View
WOLSELEY SCHOOL,2047833237,Winnipeg
WOODLAND COLONY SCHOOL,2042432435,Portage La Prairie
WOODLANDS SCHOOL,2043835674,Interlake
WOODLAWN SCHOOL,2043266110,Hanover
YELLOWQUILL SCHOOL,2048578714,Portage La Prairie
